ID,class
0,4
1,4
2,1
3,4
4,1
5,7
6,5
7,1
8,1
9,1
10,4
11,5
12,7
13,2
14,1
15,2
16,1
17,7
18,0
19,9
20,1
21,4
22,0
23,2
24,1
25,1
26,6
27,5
28,6
29,9
30,7
31,3
32,2
33,4
34,1
35,0
36,1
37,4
38,7
39,0
40,8
41,2
42,9
43,3
44,1
45,0
46,2
47,1
48,2
49,5
50,4
51,3
52,1
53,9
54,1
55,0
56,7
57,0
58,0
59,1
60,4
61,2
62,5
63,9
64,5
65,7
66,3
67,2
68,1
69,2
70,4
71,3
72,7
73,5
74,3
75,1
76,4
77,7
78,8
79,0
80,0
81,6
82,1
83,6
84,3
85,5
86,3
87,4
88,1
89,2
90,9
91,4
92,3
93,2
94,5
95,3
96,2
97,1
98,3
99,0
100,1
101,2
102,1
103,2
104,5
105,1
106,7
107,2
108,4
109,3
110,1
111,4
112,2
113,0
114,1
115,5
116,4
117,4
118,0
119,8
120,1
121,7
122,0
123,4
124,1
125,2
126,3
127,6
128,3
129,6
130,1
131,9
132,3
133,7
134,4
135,3
136,2
137,0
138,1
139,3
140,4
141,3
142,3
143,7
144,4
145,0
146,4
147,5
148,0
149,3
150,2
151,4
152,2
153,8
154,4
155,7
156,9
157,5
158,9
159,8
160,1
161,0
162,4
163,2
164,4
165,7
166,3
167,7
168,5
169,9
170,5
171,6
172,9
173,0
174,9
175,7
176,5
177,7
178,0
179,9
180,6
181,1
182,3
183,5
184,4
185,8
186,3
187,7
188,7
189,2
190,3
191,4
192,6
193,7
194,3
195,4
196,2
197,3
198,3
199,2
200,1
201,4
202,3
203,9
204,5
205,3
206,7
207,7
208,5
209,3
210,6
211,6
212,1
213,2
214,0
215,0
216,8
217,3
218,0
219,4
220,9
221,1
222,8
223,2
224,3
225,4
226,2
227,5
228,2
229,7
230,3
231,2
232,6
233,1
234,5
235,4
236,4
237,1
238,5
239,2
240,4
241,4
242,4
243,6
244,1
245,7
246,2
247,0
248,5
249,5
250,1
251,4
252,9
253,1
254,2
255,3
256,5
257,0
258,6
259,8
260,5
261,3
262,7
263,2
264,2
265,3
266,2
267,2
268,3
269,4
270,6
271,2
272,3
273,3
274,4
275,4
276,4
277,1
278,1
279,4
280,1
281,4
282,5
283,8
284,6
285,0
286,4
287,4
288,7
289,4
290,8
291,7
292,3
293,2
294,4
295,1
296,4
297,6
298,3
299,1
300,1
301,2
302,5
303,4
304,9
305,3
306,2
307,7
308,8
309,2
310,1
311,0
312,2
313,8
314,6
315,6
316,1
317,9
318,8
319,9
320,4
321,1
322,9
323,6
324,4
325,9
326,6
327,4
328,4
329,1
330,9
331,1
332,2
333,7
334,0
335,4
336,2
337,1
338,4
339,2
340,7
341,4
342,1
343,4
344,2
345,5
346,1
347,1
348,4
349,8
350,8
351,2
352,6
353,4
354,3
355,9
356,4
357,7
358,1
359,9
360,3
361,0
362,1
363,1
364,1
365,4
366,0
367,4
368,2
369,4
370,0
371,4
372,2
373,1
374,1
375,6
376,4
377,5
378,1
379,4
380,3
381,4
382,9
383,2
384,3
385,4
386,4
387,3
388,6
389,9
390,4
391,1
392,1
393,1
394,9
395,4
396,1
397,9
398,1
399,3
400,1
401,6
402,1
403,4
404,6
405,9
406,2
407,3
408,9
409,7
410,4
411,4
412,2
413,2
414,9
415,5
416,0
417,4
418,1
419,7
420,4
421,1
422,4
423,7
424,4
425,1
426,0
427,1
428,4
429,2
430,9
431,2
432,3
433,3
434,4
435,9
436,0
437,4
438,3
439,6
440,1
441,0
442,7
443,7
444,7
445,9
446,7
447,1
448,6
449,4
450,2
451,4
452,4
453,8
454,4
455,9
456,6
457,2
458,8
459,2
460,6
461,7
462,7
463,0
464,7
465,4
466,4
467,9
468,4
469,7
470,8
471,4
472,4
473,4
474,5
475,4
476,3
477,0
478,2
479,6
480,3
481,0
482,3
483,2
484,2
485,3
486,1
487,8
488,4
489,4
490,0
491,2
492,6
493,8
494,4
495,5
496,8
497,1
498,1
499,7
500,5
501,5
502,1
503,9
504,4
505,4
506,4
507,1
508,2
509,9
510,9
511,7
512,2
513,3
514,9
515,7
516,2
517,1
518,1
519,4
520,7
521,5
522,3
523,5
524,3
525,3
526,6
527,2
528,1
529,4
530,5
531,3
532,2
533,4
534,4
535,3
536,0
537,3
538,1
539,8
540,3
541,4
542,1
543,8
544,7
545,2
546,6
547,2
548,4
549,7
550,3
551,3
552,9
553,2
554,4
555,1
556,1
557,4
558,1
559,4
560,3
561,1
562,9
563,4
564,1
565,4
566,7
567,4
568,6
569,1
570,6
571,8
572,4
573,7
574,9
575,1
576,1
577,1
578,5
579,9
580,6
581,3
582,3
583,4
584,8
585,7
586,3
587,1
588,3
589,2
590,3
591,2
592,1
593,2
594,2
595,2
596,0
597,7
598,5
599,1
600,6
601,2
602,8
603,4
604,4
605,9
606,1
607,2
608,0
609,2
610,2
611,3
612,0
613,1
614,0
615,1
616,2
617,4
618,0
619,3
620,0
621,4
622,7
623,6
624,7
625,4
626,2
627,7
628,2
629,4
630,8
631,1
632,2
633,4
634,0
635,6
636,1
637,2
638,6
639,4
640,5
641,4
642,7
643,1
644,4
645,4
646,7
647,1
648,4
649,6
650,1
651,4
652,2
653,9
654,3
655,8
656,2
657,7
658,4
659,2
660,5
661,2
662,6
663,2
664,4
665,1
666,5
667,3
668,7
669,9
670,5
671,1
672,3
673,2
674,2
675,2
676,7
677,1
678,3
679,5
680,1
681,7
682,4
683,9
684,4
685,5
686,5
687,7
688,9
689,2
690,0
691,2
692,1
693,3
694,5
695,1
696,9
697,4
698,1
699,2
700,6
701,4
702,2
703,1
704,5
705,4
706,2
707,6
708,2
709,9
710,6
711,3
712,7
713,5
714,1
715,5
716,5
717,0
718,9
719,1
720,0
721,2
722,5
723,2
724,9
725,9
726,7
727,0
728,4
729,2
730,4
731,7
732,2
733,5
734,1
735,8
736,0
737,9
738,2
739,2
740,4
741,7
742,2
743,3
744,8
745,1
746,9
747,7
748,4
749,2
750,4
751,1
752,7
753,1
754,4
755,1
756,5
757,2
758,7
759,3
760,3
761,0
762,9
763,3
764,1
765,9
766,1
767,7
768,4
769,7
770,0
771,3
772,2
773,9
774,1
775,8
776,5
777,0
778,9
779,4
780,2
781,0
782,0
783,6
784,7
785,2
786,7
787,6
788,4
789,1
790,8
791,4
792,4
793,0
794,5
795,0
796,7
797,4
798,3
799,4
800,4
801,4
802,7
803,5
804,2
805,7
806,3
807,3
808,5
809,2
810,3
811,2
812,3
813,3
814,1
815,9
816,1
817,4
818,3
819,3
820,9
821,0
822,7
823,4
824,1
825,3
826,5
827,3
828,9
829,2
830,4
831,2
832,1
833,9
834,3
835,7
836,9
837,5
838,2
839,4
840,0
841,6
842,5
843,3
844,2
845,2
846,3
847,1
848,4
849,4
850,2
851,4
852,3
853,0
854,7
855,1
856,2
857,2
858,7
859,4
860,5
861,5
862,7
863,6
864,5
865,2
866,2
867,9
868,1
869,1
870,9
871,2
872,6
873,1
874,2
875,9
876,4
877,4
878,9
879,5
880,9
881,1
882,2
883,3
884,7
885,7
886,2
887,3
888,0
889,5
890,2
891,2
892,4
893,0
894,1
895,7
896,3
897,4
898,2
899,0
900,4
901,5
902,0
903,0
904,6
905,3
906,2
907,8
908,7
909,9
910,4
911,7
912,4
913,6
914,8
915,7
916,0
917,2
918,2
919,4
920,9
921,7
922,5
923,9
924,7
925,2
926,1
927,1
928,7
929,1
930,2
931,2
932,0
933,2
934,9
935,6
936,1
937,4
938,9
939,5
940,3
941,4
942,0
943,2
944,4
945,5
946,0
947,8
948,2
949,3
950,6
951,1
952,2
953,9
954,4
955,3
956,0
957,1
958,2
959,3
960,7
961,3
962,3
963,9
964,2
965,0
966,4
967,1
968,1
969,7
970,4
971,9
972,0
973,6
974,4
975,4
976,4
977,2
978,1
979,7
980,3
981,2
982,2
983,0
984,0
985,8
986,5
987,9
988,1
989,1
990,7
991,2
992,9
993,8
994,3
995,1
996,3
997,5
998,3
999,8
1000,3
1001,7
1002,1
1003,2
1004,2
1005,4
1006,2
1007,5
1008,8
1009,1
1010,5
1011,6
1012,3
1013,3
1014,3
1015,4
1016,1
1017,3
1018,8
1019,9
1020,1
1021,1
1022,4
1023,4
1024,6
1025,4
1026,3
1027,7
1028,6
1029,7
1030,6
1031,9
1032,8
1033,7
1034,4
1035,4
1036,7
1037,9
1038,9
1039,4
1040,4
1041,3
1042,7
1043,1
1044,3
1045,1
1046,3
1047,2
1048,1
1049,4
1050,7
1051,8
1052,0
1053,2
1054,2
1055,2
1056,4
1057,1
1058,3
1059,4
1060,7
1061,3
1062,4
1063,1
1064,4
1065,4
1066,9
1067,4
1068,4
1069,9
1070,6
1071,3
1072,4
1073,1
1074,4
1075,4
1076,2
1077,4
1078,3
1079,3
1080,9
1081,9
1082,4
1083,1
1084,9
1085,4
1086,3
1087,2
1088,5
1089,2
1090,5
1091,3
1092,7
1093,4
1094,1
1095,0
1096,0
1097,2
1098,7
1099,4
1100,1
1101,2
1102,9
1103,1
1104,1
1105,7
1106,2
1107,1
1108,7
1109,6
1110,2
1111,2
1112,3
1113,1
1114,1
1115,1
1116,7
1117,1
1118,3
1119,4
1120,4
1121,1
1122,2
1123,7
1124,1
1125,2
1126,2
1127,7
1128,4
1129,0
1130,3
1131,2
1132,4
1133,4
1134,3
1135,4
1136,7
1137,4
1138,7
1139,5
1140,9
1141,1
1142,2
1143,7
1144,0
1145,3
1146,2
1147,2
1148,1
1149,2
1150,2
1151,5
1152,7
1153,9
1154,7
1155,4
1156,1
1157,0
1158,9
1159,1
1160,1
1161,9
1162,2
1163,0
1164,0
1165,7
1166,5
1167,0
1168,4
1169,1
1170,4
1171,7
1172,3
1173,2
1174,3
1175,1
1176,4
1177,1
1178,4
1179,2
1180,1
1181,2
1182,9
1183,4
1184,1
1185,8
1186,9
1187,1
1188,0
1189,7
1190,6
1191,7
1192,4
1193,4
1194,0
1195,7
1196,7
1197,4
1198,0
1199,4
1200,2
1201,3
1202,1
1203,8
1204,4
1205,5
1206,4
1207,4
1208,4
1209,4
1210,5
1211,2
1212,4
1213,1
1214,7
1215,6
1216,4
1217,7
1218,2
1219,1
1220,4
1221,5
1222,7
1223,1
1224,9
1225,0
1226,2
1227,0
1228,4
1229,1
1230,4
1231,0
1232,7
1233,2
1234,9
1235,9
1236,1
1237,2
1238,4
1239,5
1240,1
1241,4
1242,5
1243,1
1244,7
1245,3
1246,2
1247,5
1248,4
1249,7
1250,9
1251,3
1252,2
1253,7
1254,0
1255,1
1256,2
1257,1
1258,3
1259,4
1260,4
1261,3
1262,2
1263,9
1264,4
1265,0
1266,1
1267,0
1268,7
1269,8
1270,0
1271,0
1272,0
1273,8
1274,4
1275,2
1276,6
1277,6
1278,3
1279,9
1280,6
1281,4
1282,2
1283,3
1284,7
1285,2
1286,1
1287,3
1288,1
1289,2
1290,1
1291,1
1292,3
1293,2
1294,9
1295,5
1296,8
1297,3
1298,4
1299,1
1300,3
1301,2
1302,6
1303,7
1304,1
1305,3
1306,6
1307,5
1308,6
1309,9
1310,9
1311,2
1312,9
1313,2
1314,1
1315,9
1316,7
1317,2
1318,8
1319,3
1320,1
1321,2
1322,0
1323,4
1324,8
1325,5
1326,0
1327,0
1328,4
1329,4
1330,7
1331,3
1332,3
1333,4
1334,3
1335,7
1336,5
1337,0
1338,2
1339,5
1340,6
1341,7
1342,9
1343,6
1344,1
1345,7
1346,7
1347,9
1348,1
1349,6
1350,7
1351,1
1352,1
1353,7
1354,6
1355,1
1356,9
1357,3
1358,8
1359,7
1360,7
1361,5
1362,3
1363,7
1364,1
1365,3
1366,9
1367,6
1368,7
1369,1
1370,4
1371,1
1372,2
1373,1
1374,6
1375,1
1376,5
1377,0
1378,4
1379,5
1380,7
1381,8
1382,2
1383,1
1384,4
1385,7
1386,4
1387,2
1388,3
1389,3
1390,2
1391,5
1392,9
1393,4
1394,5
1395,2
1396,2
1397,0
1398,9
1399,2
1400,1
1401,4
1402,7
1403,3
1404,7
1405,1
1406,5
1407,1
1408,1
1409,4
1410,0
1411,1
1412,5
1413,3
1414,0
1415,3
1416,3
1417,4
1418,1
1419,6
1420,2
1421,4
1422,6
1423,2
1424,7
1425,1
1426,7
1427,4
1428,1
1429,4
1430,4
1431,3
1432,9
1433,1
1434,1
1435,4
1436,3
1437,8
1438,1
1439,4
1440,1
1441,7
1442,2
1443,3
1444,9
1445,7
1446,1
1447,1
1448,5
1449,6
1450,2
1451,4
1452,3
1453,2
1454,1
1455,5
1456,9
1457,4
1458,3
1459,1
1460,4
1461,2
1462,3
1463,4
1464,0
1465,4
1466,3
1467,3
1468,2
1469,5
1470,4
1471,4
1472,5
1473,7
1474,2
1475,9
1476,7
1477,3
1478,4
1479,7
1480,9
1481,2
1482,3
1483,2
1484,5
1485,2
1486,2
1487,2
1488,1
1489,4
1490,1
1491,0
1492,3
1493,4
1494,7
1495,2
1496,7
1497,2
1498,1
1499,4
1500,2
1501,4
1502,1
1503,8
1504,1
1505,1
1506,9
1507,4
1508,2
1509,7
1510,1
1511,0
1512,8
1513,7
1514,2
1515,6
1516,2
1517,2
1518,6
1519,5
1520,0
1521,4
1522,3
1523,4
1524,4
1525,0
1526,0
1527,4
1528,3
1529,2
1530,5
1531,7
1532,3
1533,2
1534,6
1535,2
1536,2
1537,2
1538,6
1539,4
1540,7
1541,5
1542,2
1543,3
1544,4
1545,2
1546,5
1547,8
1548,7
1549,7
1550,3
1551,2
1552,1
1553,5
1554,1
1555,5
1556,4
1557,2
1558,1
1559,3
1560,5
1561,2
1562,2
1563,7
1564,1
1565,1
1566,7
1567,3
1568,1
1569,4
1570,2
1571,2
1572,2
1573,4
1574,0
1575,3
1576,4
1577,9
1578,0
1579,4
1580,2
1581,5
1582,2
1583,2
1584,3
1585,1
1586,7
1587,7
1588,7
1589,1
1590,1
1591,4
1592,4
1593,1
1594,4
1595,3
1596,7
1597,9
1598,1
1599,2
1600,9
1601,4
1602,4
1603,9
1604,3
1605,2
1606,6
1607,9
1608,1
1609,3
1610,7
1611,1
1612,4
1613,4
1614,2
1615,2
1616,5
1617,4
1618,1
1619,4
1620,9
1621,2
1622,4
1623,9
1624,1
1625,0
1626,9
1627,3
1628,1
1629,1
1630,6
1631,9
1632,5
1633,6
1634,4
1635,8
1636,7
1637,1
1638,5
1639,3
1640,3
1641,7
1642,0
1643,0
1644,3
1645,4
1646,2
1647,4
1648,7
1649,3
1650,1
1651,2
1652,0
1653,3
1654,1
1655,3
1656,4
1657,4
1658,9
1659,9
1660,4
1661,2
1662,7
1663,7
1664,1
1665,9
1666,1
1667,7
1668,4
1669,9
1670,5
1671,5
1672,3
1673,5
1674,1
1675,7
1676,0
1677,9
1678,7
1679,1
1680,8
1681,3
1682,1
1683,2
1684,3
1685,4
1686,9
1687,7
1688,3
1689,8
1690,1
1691,9
1692,2
1693,1
1694,9
1695,4
1696,4
1697,2
1698,5
1699,2
1700,7
1701,9
1702,1
1703,4
1704,5
1705,7
1706,8
1707,7
1708,9
1709,4
1710,7
1711,6
1712,7
1713,1
1714,0
1715,0
1716,9
1717,0
1718,1
1719,0
1720,0
1721,5
1722,4
1723,3
1724,7
1725,5
1726,3
1727,3
1728,4
1729,4
1730,4
1731,9
1732,7
1733,7
1734,7
1735,1
1736,1
1737,8
1738,3
1739,7
1740,9
1741,3
1742,0
1743,0
1744,0
1745,2
1746,2
1747,4
1748,4
1749,1
1750,4
1751,1
1752,7
1753,0
1754,2
1755,0
1756,3
1757,7
1758,4
1759,4
1760,4
1761,4
1762,1
1763,1
1764,7
1765,0
1766,9
1767,1
1768,3
1769,2
1770,5
1771,9
1772,3
1773,4
1774,9
1775,1
1776,2
1777,4
1778,5
1779,2
1780,3
1781,1
1782,9
1783,4
1784,6
1785,0
1786,1
1787,9
1788,7
1789,7
1790,7
1791,2
1792,1
1793,7
1794,0
1795,9
1796,1
1797,4
1798,7
1799,4
1800,1
1801,0
1802,1
1803,1
1804,2
1805,2
1806,4
1807,1
1808,5
1809,5
1810,3
1811,1
1812,3
1813,8
1814,7
1815,2
1816,4
1817,4
1818,1
1819,4
1820,9
1821,0
1822,0
1823,3
1824,0
1825,2
1826,2
1827,5
1828,4
1829,2
1830,9
1831,3
1832,6
1833,7
1834,4
1835,2
1836,2
1837,2
1838,4
1839,3
1840,7
1841,3
1842,5
1843,1
1844,9
1845,3
1846,7
1847,1
1848,8
1849,1
1850,4
1851,4
1852,1
1853,0
1854,0
1855,6
1856,2
1857,5
1858,9
1859,4
1860,3
1861,1
1862,1
1863,3
1864,8
1865,2
1866,1
1867,9
1868,3
1869,9
1870,4
1871,7
1872,7
1873,1
1874,9
1875,8
1876,8
1877,9
1878,3
1879,4
1880,7
1881,2
1882,3
1883,4
1884,2
1885,9
1886,2
1887,3
1888,1
1889,0
1890,7
1891,5
1892,4
1893,1
1894,4
1895,2
1896,2
1897,8
1898,3
1899,9
1900,3
1901,4
1902,4
1903,3
1904,2
1905,8
1906,7
1907,9
1908,4
1909,9
1910,0
1911,4
1912,9
1913,5
1914,7
1915,3
1916,2
1917,4
1918,1
1919,3
1920,3
1921,1
1922,5
1923,4
1924,2
1925,7
1926,6
1927,2
1928,4
1929,3
1930,1
1931,1
1932,9
1933,3
1934,4
1935,7
1936,0
1937,3
1938,4
1939,2
1940,0
1941,0
1942,9
1943,4
1944,4
1945,9
1946,5
1947,3
1948,9
1949,3
1950,0
1951,5
1952,3
1953,3
1954,4
1955,3
1956,2
1957,4
1958,0
1959,2
1960,1
1961,7
1962,7
1963,2
1964,7
1965,4
1966,2
1967,4
1968,8
1969,4
1970,4
1971,6
1972,2
1973,2
1974,1
1975,9
1976,4
1977,5
1978,4
1979,8
1980,2
1981,0
1982,0
1983,0
1984,7
1985,2
1986,9
1987,4
1988,1
1989,5
1990,1
1991,0
1992,3
1993,9
1994,8
1995,2
1996,4
1997,5
1998,5
1999,3
2000,3
2001,4
2002,4
2003,4
2004,5
2005,3
2006,8
2007,5
2008,6
2009,6
2010,7
2011,9
2012,7
2013,1
2014,4
2015,4
2016,6
2017,6
2018,4
2019,7
2020,0
2021,1
2022,8
2023,1
2024,4
2025,8
2026,9
2027,4
2028,3
2029,0
2030,2
2031,5
2032,5
2033,2
2034,9
2035,6
2036,4
2037,0
2038,4
2039,6
2040,1
2041,4
2042,4
2043,3
2044,7
2045,2
2046,7
2047,6
2048,3
2049,4
2050,2
2051,1
2052,9
2053,2
2054,9
2055,7
2056,9
2057,4
2058,4
2059,9
2060,4
2061,9
2062,0
2063,2
2064,8
2065,1
2066,3
2067,6
2068,7
2069,3
2070,1
2071,8
2072,7
2073,9
2074,9
2075,6
2076,4
2077,1
2078,4
2079,0
2080,3
2081,5
2082,1
2083,0
2084,7
2085,5
2086,1
2087,2
2088,4
2089,0
2090,0
2091,4
2092,9
2093,1
2094,2
2095,5
2096,8
2097,2
2098,7
2099,7
2100,0
2101,9
2102,2
2103,4
2104,7
2105,5
2106,0
2107,1
2108,7
2109,0
2110,4
2111,5
2112,4
2113,5
2114,1
2115,1
2116,5
2117,1
2118,7
2119,3
2120,7
2121,1
2122,1
2123,6
2124,2
2125,9
2126,4
2127,3
2128,2
2129,5
2130,9
2131,3
2132,1
2133,2
2134,2
2135,7
2136,1
2137,2
2138,2
2139,0
2140,7
2141,5
2142,0
2143,4
2144,1
2145,8
2146,4
2147,5
2148,3
2149,5
2150,9
2151,3
2152,2
2153,5
2154,4
2155,1
2156,1
2157,3
2158,2
2159,4
2160,5
2161,9
2162,6
2163,7
2164,6
2165,4
2166,9
2167,9
2168,3
2169,3
2170,4
2171,1
2172,0
2173,4
2174,1
2175,8
2176,1
2177,4
2178,4
2179,1
2180,1
2181,4
2182,1
2183,9
2184,2
2185,9
2186,7
2187,4
2188,5
2189,6
2190,1
2191,2
2192,1
2193,6
2194,8
2195,2
2196,4
2197,4
2198,1
2199,4
2200,4
2201,9
2202,7
2203,9
2204,3
2205,7
2206,2
2207,7
2208,2
2209,7
2210,9
2211,9
2212,4
2213,1
2214,4
2215,3
2216,3
2217,4
2218,2
2219,1
2220,4
2221,4
2222,4
2223,9
2224,8
2225,3
2226,1
2227,6
2228,6
2229,0
2230,9
2231,9
2232,2
2233,6
2234,7
2235,5
2236,7
2237,1
2238,9
2239,6
2240,1
2241,2
2242,9
2243,0
2244,3
2245,2
2246,7
2247,3
2248,3
2249,9
2250,2
2251,2
2252,1
2253,1
2254,9
2255,3
2256,6
2257,7
2258,1
2259,3
2260,5
2261,4
2262,8
2263,9
2264,0
2265,2
2266,2
2267,4
2268,7
2269,7
2270,2
2271,8
2272,4
2273,2
2274,8
2275,1
2276,0
2277,5
2278,1
2279,4
2280,4
2281,2
2282,7
2283,5
2284,1
2285,3
2286,0
2287,3
2288,5
2289,7
2290,7
2291,1
2292,9
2293,3
2294,0
2295,4
2296,2
2297,6
2298,2
2299,5
2300,1
2301,9
2302,7
2303,4
2304,2
2305,2
2306,6
2307,1
2308,5
2309,5
2310,4
2311,1
2312,7
2313,1
2314,3
2315,8
2316,1
2317,7
2318,9
2319,0
2320,4
2321,4
2322,1
2323,3
2324,4
2325,5
2326,4
2327,4
2328,2
2329,0
2330,4
2331,8
2332,7
2333,7
2334,4
2335,1
2336,7
2337,2
2338,7
2339,1
2340,3
2341,6
2342,3
2343,2
2344,4
2345,4
2346,7
2347,7
2348,1
2349,2
2350,1
2351,5
2352,1
2353,1
2354,3
2355,3
2356,4
2357,3
2358,2
2359,0
2360,4
2361,2
2362,4
2363,8
2364,5
2365,2
2366,1
2367,2
2368,2
2369,6
2370,9
2371,2
2372,2
2373,2
2374,6
2375,6
2376,1
2377,4
2378,4
2379,2
2380,7
2381,7
2382,0
2383,9
2384,3
2385,4
2386,9
2387,0
2388,5
2389,3
2390,7
2391,0
2392,4
2393,0
2394,2
2395,2
2396,7
2397,5
2398,2
2399,8
2400,1
2401,9
2402,2
2403,0
2404,4
2405,2
2406,0
2407,2
2408,9
2409,1
2410,7
2411,1
2412,4
2413,3
2414,1
2415,0
2416,7
2417,5
2418,0
2419,0
2420,4
2421,2
2422,2
2423,6
2424,4
2425,7
2426,8
2427,9
2428,9
2429,4
2430,1
2431,0
2432,0
2433,5
2434,1
2435,9
2436,1
2437,0
2438,5
2439,1
2440,7
2441,5
2442,4
2443,7
2444,2
2445,8
2446,1
2447,5
2448,3
2449,3
2450,6
2451,7
2452,4
2453,1
2454,6
2455,1
2456,4
2457,7
2458,9
2459,5
2460,4
2461,7
2462,5
2463,2
2464,3
2465,5
2466,4
2467,7
2468,2
2469,4
2470,9
2471,3
2472,4
2473,9
2474,7
2475,4
2476,3
2477,9
2478,5
2479,9
2480,1
2481,2
2482,4
2483,8
2484,0
2485,4
2486,4
2487,9
2488,4
2489,1
2490,7
2491,8
2492,4
2493,4
2494,0
2495,0
2496,4
2497,2
2498,0
2499,5
2500,6
2501,3
2502,3
2503,0
2504,7
2505,9
2506,9
2507,1
2508,9
2509,5
2510,7
2511,4
2512,4
2513,0
2514,7
2515,4
2516,3
2517,1
2518,7
2519,1
2520,3
2521,1
2522,5
2523,1
2524,6
2525,3
2526,6
2527,0
2528,3
2529,3
2530,7
2531,7
2532,4
2533,7
2534,0
2535,1
2536,2
2537,3
2538,7
2539,4
2540,2
2541,4
2542,1
2543,3
2544,2
2545,1
2546,9
2547,3
2548,9
2549,7
2550,6
2551,7
2552,1
2553,6
2554,2
2555,2
2556,3
2557,8
2558,5
2559,6
2560,5
2561,7
2562,8
2563,1
2564,5
2565,9
2566,7
2567,4
2568,3
2569,9
2570,7
2571,0
2572,2
2573,0
2574,1
2575,7
2576,6
2577,2
2578,7
2579,5
2580,1
2581,2
2582,9
2583,4
2584,3
2585,8
2586,8
2587,4
2588,9
2589,0
2590,9
2591,5
2592,9
2593,1
2594,3
2595,5
2596,2
2597,2
2598,1
2599,1
2600,3
2601,0
2602,3
2603,9
2604,5
2605,3
2606,5
2607,1
2608,4
2609,1
2610,4
2611,4
2612,0
2613,3
2614,1
2615,4
2616,8
2617,2
2618,5
2619,2
2620,1
2621,6
2622,4
2623,3
2624,4
2625,9
2626,8
2627,2
2628,2
2629,2
2630,9
2631,3
2632,2
2633,4
2634,7
2635,1
2636,1
2637,7
2638,7
2639,5
2640,4
2641,1
2642,9
2643,3
2644,4
2645,1
2646,5
2647,1
2648,2
2649,1
2650,1
2651,4
2652,1
2653,2
2654,2
2655,1
2656,0
2657,7
2658,4
2659,1
2660,4
2661,2
2662,1
2663,8
2664,4
2665,9
2666,8
2667,4
2668,4
2669,9
2670,8
2671,1
2672,1
2673,9
2674,2
2675,0
2676,3
2677,2
2678,5
2679,4
2680,6
2681,2
2682,3
2683,2
2684,8
2685,2
2686,2
2687,9
2688,1
2689,9
2690,2
2691,2
2692,4
2693,9
2694,7
2695,2
2696,9
2697,7
2698,3
2699,2
2700,4
2701,2
2702,3
2703,4
2704,4
2705,1
2706,7
2707,1
2708,3
2709,7
2710,3
2711,3
2712,8
2713,4
2714,7
2715,2
2716,3
2717,9
2718,4
2719,8
2720,5
2721,9
2722,5
2723,4
2724,0
2725,4
2726,2
2727,2
2728,2
2729,9
2730,4
2731,2
2732,5
2733,1
2734,1
2735,2
2736,3
2737,0
2738,4
2739,4
2740,1
2741,2
2742,5
2743,7
2744,3
2745,3
2746,6
2747,1
2748,2
2749,1
2750,6
2751,0
2752,2
2753,6
2754,1
2755,9
2756,6
2757,2
2758,6
2759,4
2760,1
2761,8
2762,6
2763,7
2764,4
2765,5
2766,4
2767,2
2768,4
2769,9
2770,1
2771,1
2772,8
2773,2
2774,3
2775,0
2776,7
2777,5
2778,5
2779,6
2780,5
2781,2
2782,5
2783,1
2784,7
2785,1
2786,7
2787,2
2788,6
2789,4
2790,3
2791,8
2792,5
2793,0
2794,1
2795,4
2796,3
2797,3
2798,1
2799,4
2800,1
2801,2
2802,4
2803,4
2804,5
2805,9
2806,4
2807,7
2808,2
2809,3
2810,4
2811,6
2812,7
2813,3
2814,2
2815,8
2816,6
2817,7
2818,1
2819,5
2820,2
2821,3
2822,3
2823,6
2824,2
2825,2
2826,3
2827,0
2828,3
2829,2
2830,3
2831,4
2832,7
2833,3
2834,7
2835,5
2836,0
2837,6
2838,4
2839,4
2840,0
2841,2
2842,7
2843,1
2844,4
2845,6
2846,2
2847,2
2848,6
2849,4
2850,9
2851,6
2852,3
2853,9
2854,2
2855,2
2856,2
2857,1
2858,5
2859,3
2860,2
2861,1
2862,5
2863,0
2864,3
2865,2
2866,7
2867,6
2868,3
2869,7
2870,0
2871,7
2872,4
2873,8
2874,7
2875,4
2876,2
2877,0
2878,3
2879,9
2880,6
2881,4
2882,4
2883,5
2884,9
2885,7
2886,7
2887,8
2888,0
2889,4
2890,6
2891,4
2892,4
2893,6
2894,3
2895,4
2896,4
2897,3
2898,3
2899,0
2900,2
2901,2
2902,4
2903,1
2904,4
2905,3
2906,7
2907,9
2908,5
2909,6
2910,0
2911,0
2912,0
2913,1
2914,3
2915,3
2916,9
2917,7
2918,1
2919,6
2920,2
2921,6
2922,5
2923,4
2924,5
2925,8
2926,2
2927,7
2928,4
2929,4
2930,7
2931,4
2932,4
2933,2
2934,3
2935,1
2936,5
2937,6
2938,5
2939,4
2940,5
2941,3
2942,4
2943,0
2944,1
2945,3
2946,4
2947,6
2948,5
2949,3
2950,5
2951,0
2952,1
2953,2
2954,1
2955,1
2956,2
2957,1
2958,2
2959,0
2960,0
2961,2
2962,1
2963,1
2964,3
2965,2
2966,1
2967,6
2968,9
2969,2
2970,3
2971,4
2972,1
2973,5
2974,9
2975,9
2976,1
2977,1
2978,9
2979,4
2980,0
2981,4
2982,2
2983,4
2984,2
2985,1
2986,2
2987,1
2988,7
2989,6
2990,3
2991,0
2992,4
2993,5
2994,3
2995,1
2996,2
2997,5
2998,1
2999,9
3000,4
3001,9
3002,1
3003,2
3004,5
3005,6
3006,7
3007,4
3008,0
3009,2
3010,0
3011,4
3012,4
3013,0
3014,1
3015,1
3016,0
3017,2
3018,3
3019,3
3020,3
3021,8
3022,1
3023,9
3024,1
3025,4
3026,7
3027,9
3028,2
3029,2
3030,4
3031,9
3032,2
3033,3
3034,4
3035,6
3036,3
3037,5
3038,6
3039,3
3040,0
3041,8
3042,4
3043,5
3044,4
3045,2
3046,3
3047,6
3048,3
3049,0
3050,5
3051,4
3052,9
3053,7
3054,8
3055,0
3056,9
3057,3
3058,7
3059,1
3060,0
3061,0
3062,4
3063,1
3064,4
3065,7
3066,3
3067,1
3068,5
3069,4
3070,1
3071,2
3072,2
3073,2
3074,0
3075,4
3076,1
3077,4
3078,2
3079,9
3080,0
3081,4
3082,0
3083,2
3084,3
3085,7
3086,2
3087,4
3088,3
3089,9
3090,9
3091,4
3092,2
3093,1
3094,4
3095,3
3096,9
3097,2
3098,4
3099,2
3100,0
3101,1
3102,1
3103,3
3104,3
3105,2
3106,3
3107,1
3108,3
3109,1
3110,9
3111,1
3112,5
3113,5
3114,9
3115,4
3116,3
3117,3
3118,8
3119,2
3120,7
3121,3
3122,1
3123,9
3124,7
3125,1
3126,1
3127,1
3128,8
3129,5
3130,4
3131,4
3132,6
3133,3
3134,8
3135,2
3136,4
3137,0
3138,4
3139,2
3140,8
3141,3
3142,5
3143,0
3144,4
3145,0
3146,2
3147,2
3148,7
3149,5
3150,4
3151,7
3152,1
3153,5
3154,3
3155,3
3156,2
3157,5
3158,1
3159,1
3160,1
3161,5
3162,8
3163,8
3164,1
3165,2
3166,9
3167,4
3168,3
3169,9
3170,7
3171,2
3172,2
3173,7
3174,7
3175,4
3176,4
3177,3
3178,2
3179,5
3180,1
3181,4
3182,2
3183,7
3184,6
3185,2
3186,7
3187,1
3188,1
3189,3
3190,0
3191,1
3192,4
3193,7
3194,2
3195,3
3196,4
3197,1
3198,1
3199,0
3200,6
3201,9
3202,3
3203,4
3204,9
3205,8
3206,5
3207,3
3208,9
3209,3
3210,6
3211,8
3212,8
3213,4
3214,4
3215,4
3216,1
3217,7
3218,0
3219,3
3220,5
3221,6
3222,1
3223,7
3224,1
3225,6
3226,4
3227,9
3228,7
3229,3
3230,5
3231,8
3232,4
3233,8
3234,0
3235,8
3236,7
3237,6
3238,7
3239,9
3240,1
3241,8
3242,7
3243,0
3244,4
3245,7
3246,3
3247,4
3248,5
3249,2
3250,2
3251,4
3252,3
3253,4
3254,2
3255,0
3256,8
3257,4
3258,1
3259,0
3260,3
3261,4
3262,1
3263,2
3264,4
3265,2
3266,8
3267,8
3268,4
3269,3
3270,4
3271,4
3272,8
3273,5
3274,2
3275,6
3276,9
3277,5
3278,4
3279,2
3280,4
3281,2
3282,4
3283,5
3284,1
3285,0
3286,1
3287,2
3288,3
3289,3
3290,6
3291,7
3292,2
3293,9
3294,0
3295,4
3296,0
3297,1
3298,2
3299,1
3300,4
3301,8
3302,3
3303,7
3304,6
3305,1
3306,7
3307,4
3308,2
3309,8
3310,4
3311,2
3312,4
3313,4
3314,1
3315,7
3316,2
3317,4
3318,2
3319,4
3320,2
3321,7
3322,2
3323,1
3324,3
3325,2
3326,5
3327,3
3328,8
3329,2
3330,4
3331,5
3332,2
3333,1
3334,2
3335,9
3336,0
3337,0
3338,3
3339,4
3340,9
3341,2
3342,5
3343,4
3344,7
3345,2
3346,0
3347,1
3348,7
3349,3
3350,3
3351,2
3352,2
3353,1
3354,6
3355,9
3356,6
3357,9
3358,1
3359,7
3360,2
3361,4
3362,8
3363,5
3364,3
3365,4
3366,3
3367,3
3368,2
3369,4
3370,2
3371,4
3372,2
3373,5
3374,3
3375,7
3376,2
3377,2
3378,7
3379,5
3380,4
3381,1
3382,2
3383,4
3384,8
3385,4
3386,4
3387,2
3388,2
3389,5
3390,4
3391,5
3392,9
3393,3
3394,1
3395,1
3396,4
3397,4
3398,0
3399,0
3400,8
3401,7
3402,4
3403,4
3404,5
3405,4
3406,3
3407,7
3408,6
3409,2
3410,4
3411,2
3412,0
3413,5
3414,7
3415,1
3416,1
3417,3
3418,4
3419,7
3420,4
3421,1
3422,6
3423,1
3424,7
3425,5
3426,2
3427,1
3428,1
3429,5
3430,3
3431,7
3432,6
3433,4
3434,1
3435,3
3436,3
3437,0
3438,6
3439,3
3440,9
3441,0
3442,4
3443,2
3444,7
3445,3
3446,6
3447,1
3448,5
3449,3
3450,6
3451,8
3452,8
3453,2
3454,5
3455,3
3456,1
3457,1
3458,2
3459,2
3460,4
3461,9
3462,2
3463,4
3464,0
3465,4
3466,9
3467,5
3468,7
3469,0
3470,1
3471,0
3472,1
3473,1
3474,2
3475,9
3476,4
3477,8
3478,1
3479,3
3480,9
3481,2
3482,1
3483,5
3484,4
3485,3
3486,7
3487,4
3488,0
3489,4
3490,0
3491,0
3492,0
3493,0
3494,8
3495,2
3496,2
3497,2
3498,1
3499,1
3500,5
3501,8
3502,4
3503,4
3504,8
3505,7
3506,4
3507,5
3508,0
3509,7
3510,1
3511,4
3512,0
3513,3
3514,1
3515,4
3516,3
3517,9
3518,4
3519,6
3520,7
3521,4
3522,1
3523,3
3524,6
3525,9
3526,2
3527,4
3528,0
3529,8
3530,5
3531,0
3532,4
3533,1
3534,2
3535,6
3536,4
3537,4
3538,8
3539,9
3540,4
3541,4
3542,7
3543,3
3544,3
3545,9
3546,8
3547,1
3548,5
3549,0
3550,2
3551,1
3552,4
3553,3
3554,2
3555,0
3556,2
3557,4
3558,4
3559,9
3560,3
3561,0
3562,4
3563,1
3564,9
3565,1
3566,4
3567,3
3568,1
3569,2
3570,1
3571,2
3572,5
3573,1
3574,2
3575,4
3576,2
3577,0
3578,8
3579,4
3580,0
3581,9
3582,2
3583,3
3584,0
3585,2
3586,8
3587,6
3588,3
3589,1
3590,4
3591,9
3592,6
3593,7
3594,8
3595,4
3596,5
3597,3
3598,4
3599,6
3600,6
3601,4
3602,4
3603,5
3604,3
3605,5
3606,2
3607,6
3608,2
3609,7
3610,7
3611,9
3612,7
3613,4
3614,2
3615,3
3616,1
3617,1
3618,2
3619,4
3620,2
3621,0
3622,1
3623,1
3624,5
3625,5
3626,4
3627,1
3628,4
3629,1
3630,9
3631,8
3632,4
3633,5
3634,3
3635,0
3636,4
3637,6
3638,3
3639,2
3640,2
3641,0
3642,1
3643,2
3644,2
3645,7
3646,2
3647,4
3648,8
3649,4
3650,6
3651,5
3652,4
3653,2
3654,3
3655,2
3656,3
3657,3
3658,9
3659,9
3660,0
3661,2
3662,1
3663,4
3664,7
3665,3
3666,2
3667,5
3668,4
3669,7
3670,9
3671,3
3672,4
3673,4
3674,4
3675,6
3676,6
3677,3
3678,4
3679,6
3680,8
3681,0
3682,1
3683,4
3684,9
3685,4
3686,1
3687,4
3688,9
3689,3
3690,1
3691,3
3692,3
3693,4
3694,4
3695,4
3696,6
3697,4
3698,4
3699,9
3700,2
3701,0
3702,0
3703,1
3704,1
3705,8
3706,4
3707,7
3708,3
3709,5
3710,7
3711,8
3712,4
3713,0
3714,6
3715,1
3716,7
3717,3
3718,2
3719,7
3720,4
3721,4
3722,9
3723,1
3724,5
3725,4
3726,4
3727,2
3728,8
3729,4
3730,4
3731,7
3732,4
3733,4
3734,9
3735,4
3736,1
3737,1
3738,1
3739,2
3740,2
3741,7
3742,5
3743,5
3744,9
3745,1
3746,3
3747,8
3748,0
3749,7
3750,2
3751,3
3752,3
3753,7
3754,7
3755,9
3756,0
3757,5
3758,1
3759,3
3760,9
3761,7
3762,4
3763,9
3764,4
3765,0
3766,2
3767,8
3768,9
3769,9
3770,1
3771,4
3772,1
3773,1
3774,2
3775,3
3776,7
3777,2
3778,4
3779,8
3780,9
3781,4
3782,5
3783,5
3784,3
3785,0
3786,7
3787,4
3788,1
3789,7
3790,5
3791,0
3792,3
3793,2
3794,1
3795,7
3796,4
3797,3
3798,4
3799,2
3800,3
3801,4
3802,7
3803,6
3804,6
3805,4
3806,9
3807,4
3808,1
3809,6
3810,4
3811,2
3812,0
3813,7
3814,6
3815,6
3816,1
3817,2
3818,9
3819,2
3820,7
3821,4
3822,2
3823,5
3824,4
3825,4
3826,0
3827,4
3828,0
3829,5
3830,5
3831,1
3832,8
3833,1
3834,7
3835,0
3836,1
3837,2
3838,2
3839,1
3840,4
3841,4
3842,0
3843,7
3844,0
3845,9
3846,6
3847,4
3848,1
3849,6
3850,0
3851,5
3852,9
3853,1
3854,2
3855,1
3856,4
3857,9
3858,4
3859,1
3860,6
3861,4
3862,5
3863,2
3864,4
3865,8
3866,2
3867,4
3868,3
3869,8
3870,4
3871,0
3872,8
3873,2
3874,0
3875,4
3876,2
3877,0
3878,5
3879,2
3880,3
3881,1
3882,1
3883,9
3884,9
3885,9
3886,7
3887,7
3888,2
3889,3
3890,3
3891,9
3892,6
3893,0
3894,0
3895,2
3896,1
3897,5
3898,2
3899,3
3900,3
3901,2
3902,1
3903,0
3904,7
3905,4
3906,5
3907,9
3908,5
3909,4
3910,7
3911,5
3912,1
3913,8
3914,4
3915,4
3916,5
3917,6
3918,7
3919,0
3920,2
3921,0
3922,1
3923,2
3924,2
3925,9
3926,2
3927,0
3928,4
3929,0
3930,5
3931,5
3932,9
3933,4
3934,7
3935,0
3936,3
3937,1
3938,0
3939,4
3940,3
3941,6
3942,3
3943,7
3944,4
3945,9
3946,4
3947,5
3948,4
3949,2
3950,9
3951,6
3952,4
3953,4
3954,8
3955,1
3956,4
3957,3
3958,3
3959,4
3960,3
3961,3
3962,0
3963,6
3964,0
3965,1
3966,8
3967,4
3968,9
3969,4
3970,9
3971,7
3972,7
3973,8
3974,2
3975,5
3976,9
3977,4
3978,2
3979,3
3980,1
3981,1
3982,4
3983,4
3984,0
3985,2
3986,0
3987,4
3988,4
3989,4
3990,1
3991,7
3992,5
3993,9
3994,3
3995,2
3996,9
3997,1
3998,1
3999,7
4000,6
4001,9
4002,8
4003,9
4004,2
4005,2
4006,7
4007,0
4008,2
4009,3
4010,6
4011,1
4012,4
4013,8
4014,6
4015,1
4016,2
4017,6
4018,4
4019,3
4020,6
4021,6
4022,4
4023,6
4024,1
4025,0
4026,4
4027,9
4028,0
4029,1
4030,1
4031,9
4032,4
4033,4
4034,4
4035,4
4036,4
4037,4
4038,4
4039,7
4040,1
4041,1
4042,2
4043,0
4044,4
4045,2
4046,7
4047,4
4048,1
4049,7
4050,3
4051,7
4052,0
4053,7
4054,9
4055,4
4056,4
4057,0
4058,3
4059,5
4060,7
4061,9
4062,7
4063,2
4064,4
4065,9
4066,4
4067,8
4068,2
4069,5
4070,2
4071,4
4072,1
4073,4
4074,9
4075,4
4076,1
4077,3
4078,7
4079,1
4080,4
4081,0
4082,5
4083,1
4084,4
4085,9
4086,2
4087,7
4088,4
4089,3
4090,2
4091,5
4092,4
4093,5
4094,4
4095,2
4096,2
4097,8
4098,9
4099,1
4100,6
4101,9
4102,3
4103,2
4104,4
4105,8
4106,3
4107,4
4108,0
4109,0
4110,8
4111,0
4112,7
4113,2
4114,0
4115,5
4116,0
4117,3
4118,7
4119,1
4120,2
4121,1
4122,3
4123,1
4124,9
4125,4
4126,7
4127,8
4128,5
4129,3
4130,2
4131,7
4132,7
4133,4
4134,3
4135,1
4136,4
4137,8
4138,7
4139,4
4140,0
4141,4
4142,3
4143,5
4144,7
4145,1
4146,5
4147,7
4148,1
4149,4
4150,6
4151,6
4152,1
4153,1
4154,9
4155,3
4156,3
4157,1
4158,7
4159,5
4160,9
4161,2
4162,3
4163,4
4164,6
4165,6
4166,2
4167,1
4168,4
4169,7
4170,7
4171,8
4172,5
4173,1
4174,3
4175,1
4176,5
4177,5
4178,1
4179,4
4180,4
4181,6
4182,0
4183,3
4184,3
4185,4
4186,8
4187,6
4188,1
4189,9
4190,4
4191,1
4192,6
4193,1
4194,2
4195,2
4196,5
4197,2
4198,3
4199,5
4200,5
4201,2
4202,2
4203,3
4204,1
4205,9
4206,0
4207,8
4208,4
4209,0
4210,1
4211,3
4212,6
4213,2
4214,8
4215,2
4216,0
4217,1
4218,7
4219,4
4220,4
4221,5
4222,4
4223,1
4224,4
4225,4
4226,2
4227,1
4228,6
4229,1
4230,0
4231,4
4232,1
4233,4
4234,3
4235,3
4236,0
4237,4
4238,1
4239,5
4240,2
4241,1
4242,2
4243,4
4244,4
4245,3
4246,7
4247,3
4248,1
4249,3
4250,0
4251,4
4252,4
4253,5
4254,3
4255,3
4256,1
4257,2
4258,7
4259,5
4260,9
4261,3
4262,7
4263,3
4264,4
4265,2
4266,4
4267,6
4268,5
4269,8
4270,2
4271,9
4272,2
4273,1
4274,2
4275,2
4276,5
4277,4
4278,6
4279,7
4280,5
4281,1
4282,1
4283,2
4284,5
4285,2
4286,1
4287,7
4288,2
4289,5
4290,4
4291,5
4292,1
4293,5
4294,3
4295,7
4296,4
4297,4
4298,1
4299,4
4300,4
4301,7
4302,8
4303,1
4304,0
4305,1
4306,0
4307,2
4308,3
4309,1
4310,1
4311,8
4312,7
4313,2
4314,8
4315,2
4316,8
4317,0
4318,1
4319,9
4320,2
4321,7
4322,1
4323,0
4324,8
4325,8
4326,2
4327,3
4328,2
4329,3
4330,5
4331,4
4332,2
4333,4
4334,0
4335,2
4336,5
4337,4
4338,7
4339,6
4340,4
4341,0
4342,0
4343,4
4344,7
4345,7
4346,2
4347,1
4348,1
4349,1
4350,5
4351,1
4352,2
4353,4
4354,3
4355,0
4356,0
4357,2
4358,1
4359,2
4360,6
4361,4
4362,4
4363,3
4364,8
4365,4
4366,1
4367,5
4368,9
4369,1
4370,3
4371,1
4372,3
4373,4
4374,5
4375,4
4376,9
4377,8
4378,2
4379,6
4380,6
4381,1
4382,7
4383,0
4384,1
4385,2
4386,7
4387,3
4388,4
4389,7
4390,7
4391,3
4392,9
4393,3
4394,0
4395,6
4396,9
4397,9
4398,4
4399,9
4400,1
4401,2
4402,0
4403,4
4404,9
4405,9
4406,2
4407,1
4408,9
4409,1
4410,3
4411,7
4412,8
4413,3
4414,1
4415,3
4416,4
4417,5
4418,2
4419,6
4420,3
4421,1
4422,1
4423,5
4424,4
4425,0
4426,5
4427,5
4428,5
4429,6
4430,2
4431,4
4432,2
4433,4
4434,7
4435,3
4436,5
4437,0
4438,0
4439,0
4440,6
4441,4
4442,7
4443,1
4444,0
4445,2
4446,8
4447,4
4448,9
4449,4
4450,4
4451,1
4452,4
4453,3
4454,1
4455,7
4456,4
4457,1
4458,5
4459,2
4460,2
4461,4
4462,2
4463,0
4464,9
4465,7
4466,4
4467,1
4468,7
4469,4
4470,3
4471,3
4472,5
4473,8
4474,0
4475,1
4476,6
4477,2
4478,8
4479,4
4480,8
4481,1
4482,3
4483,8
4484,3
4485,1
4486,4
4487,0
4488,7
4489,1
4490,1
4491,9
4492,9
4493,0
4494,4
4495,2
4496,4
4497,5
4498,2
4499,7
4500,1
4501,3
4502,0
4503,9
4504,6
4505,3
4506,1
4507,3
4508,3
4509,5
4510,8
4511,0
4512,0
4513,1
4514,8
4515,3
4516,4
4517,5
4518,8
4519,3
4520,9
4521,3
4522,0
4523,7
4524,4
4525,8
4526,5
4527,5
4528,2
4529,2
4530,3
4531,7
4532,3
4533,1
4534,6
4535,0
4536,6
4537,7
4538,0
4539,8
4540,2
4541,2
4542,3
4543,5
4544,5
4545,3
4546,2
4547,3
4548,5
4549,1
4550,1
4551,3
4552,4
4553,4
4554,4
4555,1
4556,6
4557,6
4558,7
4559,2
4560,2
4561,3
4562,4
4563,4
4564,9
4565,0
4566,4
4567,6
4568,6
4569,8
4570,7
4571,1
4572,8
4573,7
4574,4
4575,7
4576,4
4577,2
4578,3
4579,4
4580,2
4581,7
4582,1
4583,4
4584,9
4585,1
4586,6
4587,2
4588,7
4589,1
4590,2
4591,2
4592,1
4593,2
4594,7
4595,4
4596,8
4597,7
4598,6
4599,7
4600,1
4601,3
4602,1
4603,1
4604,4
4605,7
4606,9
4607,5
4608,7
4609,2
4610,0
4611,2
4612,7
4613,0
4614,4
4615,1
4616,0
4617,9
4618,0
4619,4
4620,7
4621,6
4622,4
4623,1
4624,2
4625,1
4626,7
4627,3
4628,4
4629,1
4630,0
4631,3
4632,7
4633,4
4634,1
4635,1
4636,6
4637,5
4638,1
4639,0
4640,4
4641,0
4642,9
4643,9
4644,7
4645,5
4646,7
4647,0
